file,status,variant,rank,layers,width,microbatch,liger,optimizer_implementation,step_ms,tokens_per_second,peak_allocated_gib,parameters,initialization_ms,commit
base-A-r0.25-mb1-native-grouped-s42.json,complete,A,0.25,12,1024,1,False,grouped,392.5774823874235,83468.87676529073,2.9348244667053223,169747696,485.17241328954697,20119e0d7e8741ecee012249f18e8026523fe06f
base-A-r0.25-mb16-native-grouped-s42.json,complete,A,0.25,12,1024,16,False,grouped,200.20129345357418,163675.27116968308,10.21861982345581,169747696,488.9267012476921,20119e0d7e8741ecee012249f18e8026523fe06f
base-A-r0.25-mb32-liger-grouped-s42.json,complete,A,0.25,12,1024,32,True,grouped,203.50388810038567,161019.03679879053,2.5154781341552734,169747696,3534.3811213970184,20119e0d7e8741ecee012249f18e8026523fe06f
base-A-r0.25-mb32-native-grouped-s42.json,complete,A,0.25,12,1024,32,False,grouped,190.14134258031845,172334.9575403564,17.353095054626465,169747696,483.27163979411125,20119e0d7e8741ecee012249f18e8026523fe06f
base-A-r0.25-mb4-native-grouped-s42.json,complete,A,0.25,12,1024,4,False,grouped,237.2888084501028,138093.3237560874,4.390757083892822,169747696,821.6479457914829,20119e0d7e8741ecee012249f18e8026523fe06f
base-A-r0.5-mb1-native-grouped-s42.json,complete,A,0.5,12,1024,1,False,grouped,658.2999564707279,49776.70247190894,4.090398788452148,255714544,661.2830832600594,20119e0d7e8741ecee012249f18e8026523fe06f
base-A-r0.5-mb16-native-grouped-s42.json,complete,A,0.5,12,1024,16,False,grouped,427.74623259902,76606.16875015228,11.21532392501831,255714544,660.9235964715481,20119e0d7e8741ecee012249f18e8026523fe06f
base-A-r0.5-mb32-liger-grouped-s42.json,complete,A,0.5,12,1024,32,True,grouped,428.23887802660465,76518.04094535144,3.5819811820983887,255714544,3856.572847813368,20119e0d7e8741ecee012249f18e8026523fe06f
base-A-r0.5-mb32-native-grouped-s42.json,complete,A,0.5,12,1024,32,False,grouped,417.6821317523718,78452.00340640481,18.014594078063965,255714544,650.3677926957607,20119e0d7e8741ecee012249f18e8026523fe06f
base-A-r0.5-mb4-native-grouped-s42.json,complete,A,0.5,12,1024,4,False,grouped,472.5874476134777,69337.43313550061,5.390329837799072,255714544,639.5903341472149,20119e0d7e8741ecee012249f18e8026523fe06f
base-B-r0.25-mb1-native-grouped-s42.json,complete,B,0.25,12,1024,1,False,grouped,337.55410462617874,97074.80831046739,2.6341652870178223,142812460,403.60454469919205,20119e0d7e8741ecee012249f18e8026523fe06f
base-B-r0.25-mb16-native-grouped-s42.json,complete,B,0.25,12,1024,16,False,grouped,159.79091078042984,205067.98595665838,9.91777753829956,142812460,399.861603975296,20119e0d7e8741ecee012249f18e8026523fe06f
base-B-r0.25-mb32-liger-grouped-s42.json,complete,B,0.25,12,1024,32,True,grouped,164.29936699569225,199440.81945765775,2.3151607513427734,142812460,3477.6991084218025,20119e0d7e8741ecee012249f18e8026523fe06f
base-B-r0.25-mb32-native-grouped-s42.json,complete,B,0.25,12,1024,32,False,grouped,151.6847163438797,216027.0463791471,17.150946617126465,142812460,409.7158908843994,20119e0d7e8741ecee012249f18e8026523fe06f
base-B-r0.25-mb4-native-grouped-s42.json,complete,B,0.25,12,1024,4,False,grouped,195.4973917454481,167613.48996379616,4.091257572174072,142812460,473.05867448449135,20119e0d7e8741ecee012249f18e8026523fe06f
base-B-r0.5-mb1-native-grouped-s42.json,complete,B,0.5,12,1024,1,False,grouped,532.6428152620792,61519.65082772347,3.4646663665771484,201844012,522.0236666500568,20119e0d7e8741ecee012249f18e8026523fe06f
base-B-r0.5-mb16-native-grouped-s42.json,complete,B,0.5,12,1024,16,False,grouped,312.4477453529835,104875.13679736546,10.58922529220581,201844012,493.7673732638359,20119e0d7e8741ecee012249f18e8026523fe06f
base-B-r0.5-mb32-liger-grouped-s42.json,complete,B,0.5,12,1024,32,True,grouped,316.5505863726139,103515.8405270821,3.1963610649108887,201844012,3752.0284205675125,20119e0d7e8741ecee012249f18e8026523fe06f
base-B-r0.5-mb32-native-grouped-s42.json,complete,B,0.5,12,1024,32,False,grouped,304.4653758406639,107624.71752743189,17.601874351501465,201844012,497.6658895611763,20119e0d7e8741ecee012249f18e8026523fe06f
base-B-r0.5-mb4-native-grouped-s42.json,complete,B,0.5,12,1024,4,False,grouped,355.84926791489124,92083.93261172948,4.763987064361572,201844012,476.1353097856045,20119e0d7e8741ecee012249f18e8026523fe06f
base-dense-r0.5-mb1-native-grouped-s42.json,complete,dense,0.5,12,1024,1,False,grouped,417.092377319932,78562.9327431379,4.16251277923584,257188864,100.96810013055801,20119e0d7e8741ecee012249f18e8026523fe06f
base-dense-r0.5-mb1-native-reference-s42.json,complete,dense,0.5,12,1024,1,False,reference,446.2966825813055,73422.01199573412,4.19010066986084,257188864,106.39297217130661,20119e0d7e8741ecee012249f18e8026523fe06f
base-dense-r0.5-mb16-native-grouped-s42.json,complete,dense,0.5,12,1024,16,False,grouped,257.2665475308895,127369.86423494157,11.25801420211792,257188864,108.50364714860916,20119e0d7e8741ecee012249f18e8026523fe06f
base-dense-r0.5-mb16-native-reference-s42.json,complete,dense,0.5,12,1024,16,False,reference,286.6054065525532,114331.41079974237,11.28877592086792,257188864,104.0286272764206,20119e0d7e8741ecee012249f18e8026523fe06f
base-dense-r0.5-mb32-liger-grouped-s42.json,complete,dense,0.5,12,1024,32,True,grouped,257.19382613897324,127405.88680531454,3.522758960723877,257188864,3450.6947472691536,20119e0d7e8741ecee012249f18e8026523fe06f
base-dense-r0.5-mb32-liger-reference-s42.json,complete,dense,0.5,12,1024,32,True,reference,286.1106377094984,114529.12475440641,3.552055835723877,257188864,3416.765969246626,20119e0d7e8741ecee012249f18e8026523fe06f
base-dense-r0.5-mb32-native-grouped-s42.json,complete,dense,0.5,12,1024,32,False,grouped,250.54210051894188,130788.40115955213,18.03434658050537,257188864,93.64722669124603,20119e0d7e8741ecee012249f18e8026523fe06f
base-dense-r0.5-mb32-native-reference-s42.json,complete,dense,0.5,12,1024,32,False,reference,280.1962289959192,116946.61543388537,18.03971767425537,257188864,102.19859331846237,20119e0d7e8741ecee012249f18e8026523fe06f
base-dense-r0.5-mb4-native-grouped-s42.json,complete,dense,0.5,12,1024,4,False,grouped,286.64066083729267,114317.34739976801,5.432287693023682,257188864,113.43404650688171,20119e0d7e8741ecee012249f18e8026523fe06f
base-dense-r0.5-mb4-native-reference-s42.json,complete,dense,0.5,12,1024,4,False,reference,316.6980352252722,103467.64649045156,5.437658786773682,257188864,106.30533844232559,20119e0d7e8741ecee012249f18e8026523fe06f
deep-A-r0.25-mb1-native-grouped-s42.json,complete,A,0.25,24,1024,1,False,grouped,708.5140012204647,46248.91525194564,3.689436435699463,236471776,691.3687735795975,20119e0d7e8741ecee012249f18e8026523fe06f
deep-A-r0.25-mb16-native-grouped-s42.json,complete,A,0.25,24,1024,16,False,grouped,363.5054510086775,90144.45287995774,10.973231792449951,236471776,751.5156865119934,20119e0d7e8741ecee012249f18e8026523fe06f
deep-A-r0.25-mb32-liger-grouped-s42.json,complete,A,0.25,24,1024,32,True,grouped,377.59794294834137,86780.13403903838,3.018705368041992,236471776,3660.2773778140545,20119e0d7e8741ecee012249f18e8026523fe06f
deep-A-r0.25-mb32-native-grouped-s42.json,complete,A,0.25,24,1024,32,False,grouped,345.2142644673586,94920.78435634804,17.855589866638184,236471776,698.8500244915485,20119e0d7e8741ecee012249f18e8026523fe06f
deep-A-r0.25-mb4-native-grouped-s42.json,complete,A,0.25,24,1024,4,False,grouped,431.3623867928982,75963.97139835043,5.147078037261963,236471776,711.4926688373089,20119e0d7e8741ecee012249f18e8026523fe06f
deep-A-r0.5-mb1-native-grouped-s42.json,complete,A,0.5,24,1024,1,False,grouped,1249.004527926445,26235.293479974396,5.836648941040039,408405472,1012.8641836345196,20119e0d7e8741ecee012249f18e8026523fe06f
deep-A-r0.5-mb16-native-grouped-s42.json,complete,A,0.5,24,1024,16,False,grouped,817.5564389675856,40080.413399844496,12.961818218231201,408405472,1002.6602856814861,20119e0d7e8741ecee012249f18e8026523fe06f
deep-A-r0.5-mb32-liger-grouped-s42.json,complete,A,0.5,24,1024,32,True,grouped,828.0455637723207,39572.701711575064,4.850589275360107,408405472,4201.0661996901035,20119e0d7e8741ecee012249f18e8026523fe06f
deep-A-r0.5-mb32-native-grouped-s42.json,complete,A,0.5,24,1024,32,False,grouped,799.0414928644896,41009.13443931109,19.171629905700684,408405472,1029.2232558131218,20119e0d7e8741ecee012249f18e8026523fe06f
deep-A-r0.5-mb4-native-grouped-s42.json,complete,A,0.5,24,1024,4,False,grouped,897.2116131335497,36522.04177093106,7.138288974761963,408405472,1006.7997723817825,20119e0d7e8741ecee012249f18e8026523fe06f
deep-B-r0.25-mb1-native-grouped-s42.json,complete,B,0.25,24,1024,1,False,grouped,607.6628770679235,53924.63723267988,3.089094638824463,182601304,562.1295608580112,20119e0d7e8741ecee012249f18e8026523fe06f
deep-B-r0.25-mb16-native-grouped-s42.json,complete,B,0.25,24,1024,16,False,grouped,281.1264507472515,116559.64750814391,10.372035503387451,182601304,511.44570112228394,20119e0d7e8741ecee012249f18e8026523fe06f
deep-B-r0.25-mb32-liger-grouped-s42.json,complete,B,0.25,24,1024,32,True,grouped,299.2170471698046,109512.47701304109,2.6270785331726074,182601304,3554.081119596958,20119e0d7e8741ecee012249f18e8026523fe06f
deep-B-r0.25-mb32-native-grouped-s42.json,complete,B,0.25,24,1024,32,False,grouped,265.24862460792065,123536.93552926675,17.453734397888184,182601304,535.2107882499695,20119e0d7e8741ecee012249f18e8026523fe06f
deep-B-r0.25-mb4-native-grouped-s42.json,complete,B,0.25,24,1024,4,False,grouped,344.97583098709583,94986.36443252573,4.545576572418213,182601304,536.2291932106018,20119e0d7e8741ecee012249f18e8026523fe06f
deep-B-r0.5-mb1-native-grouped-s42.json,complete,B,0.5,24,1024,1,False,grouped,998.50182980299,32817.16572445371,4.590677261352539,300664408,781.6695868968964,20119e0d7e8741ecee012249f18e8026523fe06f
deep-B-r0.5-mb16-native-grouped-s42.json,complete,B,0.5,24,1024,16,False,grouped,586.938189342618,55828.70671981384,11.716456890106201,300664408,749.3140436708927,20119e0d7e8741ecee012249f18e8026523fe06f
deep-B-r0.5-mb32-liger-grouped-s42.json,complete,B,0.5,24,1024,32,True,grouped,600.7278505712748,54547.16302928081,4.090945720672607,300664408,3779.6155735850334,20119e0d7e8741ecee012249f18e8026523fe06f
deep-B-r0.5-mb32-native-grouped-s42.json,complete,B,0.5,24,1024,32,False,grouped,572.5799575448036,57228.68933139241,18.346922874450684,300664408,716.778539121151,20119e0d7e8741ecee012249f18e8026523fe06f
deep-B-r0.5-mb4-native-grouped-s42.json,complete,B,0.5,24,1024,4,False,grouped,664.7590976208448,49293.04491215231,5.891218662261963,300664408,690.7173730432987,20119e0d7e8741ecee012249f18e8026523fe06f
deep-dense-r0.5-mb1-native-grouped-s42.json,complete,dense,0.5,24,1024,1,False,grouped,757.9203359782696,43234.095542445924,5.95413875579834,411354112,115.77459052205086,20119e0d7e8741ecee012249f18e8026523fe06f
deep-dense-r0.5-mb1-native-reference-s42.json,complete,dense,0.5,24,1024,1,False,reference,819.3508200347424,39992.63722803035,6.01956844329834,411354112,114.33055251836777,20119e0d7e8741ecee012249f18e8026523fe06f
deep-dense-r0.5-mb16-native-grouped-s42.json,complete,dense,0.5,24,1024,16,False,grouped,467.3427976667881,70115.5638295024,13.05232572555542,411354112,204.96780797839165,20119e0d7e8741ecee012249f18e8026523fe06f
deep-dense-r0.5-mb16-native-reference-s42.json,complete,dense,0.5,24,1024,16,False,reference,525.4398640245199,62362.98843100942,13.11726713180542,411354112,132.14614614844322,20119e0d7e8741ecee012249f18e8026523fe06f
deep-dense-r0.5-mb32-liger-grouped-s42.json,complete,dense,0.5,24,1024,32,True,grouped,475.97813978791237,68843.49780895798,4.704674243927002,411354112,3332.8925892710686,20119e0d7e8741ecee012249f18e8026523fe06f
deep-dense-r0.5-mb32-liger-reference-s42.json,complete,dense,0.5,24,1024,32,True,reference,533.8958110660315,61375.28673286669,4.756432056427002,411354112,3370.592672377825,20119e0d7e8741ecee012249f18e8026523fe06f
deep-dense-r0.5-mb32-native-grouped-s42.json,complete,dense,0.5,24,1024,32,False,grouped,454.9848008900881,72019.9891581191,19.218214988708496,411354112,110.61715707182884,20119e0d7e8741ecee012249f18e8026523fe06f
deep-dense-r0.5-mb32-native-reference-s42.json,complete,dense,0.5,24,1024,32,False,reference,513.830928131938,63771.94975789327,19.226027488708496,411354112,112.13312670588493,20119e0d7e8741ecee012249f18e8026523fe06f
deep-dense-r0.5-mb4-native-grouped-s42.json,complete,dense,0.5,24,1024,4,False,grouped,522.5492008030415,62707.97102787746,7.226110935211182,411354112,113.56446892023087,20119e0d7e8741ecee012249f18e8026523fe06f
deep-dense-r0.5-mb4-native-reference-s42.json,complete,dense,0.5,24,1024,4,False,reference,580.4393719881773,56453.78683839705,7.232458591461182,411354112,137.2377760708332,20119e0d7e8741ecee012249f18e8026523fe06f
deep-wide-A-r0.25-mb1-native-grouped-s42.json,complete,A,0.25,24,2048,1,False,grouped,1864.4860479980707,17574.816431690822,10.526605606079102,739445216,1179.0520586073399,20119e0d7e8741ecee012249f18e8026523fe06f
deep-wide-A-r0.25-mb16-native-grouped-s42.json,complete,A,0.25,24,2048,16,False,grouped,1308.3084421232343,25046.081609202287,17.184855937957764,739445216,1184.792771935463,20119e0d7e8741ecee012249f18e8026523fe06f
deep-wide-A-r0.25-mb32-liger-grouped-s42.json,oom,A,0.25,24,2048,32,True,grouped,,,,,,
deep-wide-A-r0.25-mb32-native-grouped-s42.json,oom,A,0.25,24,2048,32,False,grouped,,,,,,
deep-wide-A-r0.25-mb4-native-grouped-s42.json,complete,A,0.25,24,2048,4,False,grouped,1415.1362646371126,23155.36732561112,11.277342319488525,739445216,1170.7569416612387,20119e0d7e8741ecee012249f18e8026523fe06f
deep-wide-A-r0.5-mb1-native-grouped-s42.json,complete,A,0.5,24,2048,1,False,grouped,5229.440815746784,6266.06192805006,19.7938175201416,1426885088,2170.6305481493473,20119e0d7e8741ecee012249f18e8026523fe06f
deep-wide-A-r0.5-mb16-native-grouped-s42.json,complete,A,0.5,24,2048,16,False,grouped,4231.883984990418,7743.123440312302,24.901774883270264,1426885088,2146.0533402860165,20119e0d7e8741ecee012249f18e8026523fe06f
deep-wide-A-r0.5-mb32-liger-grouped-s42.json,oom,A,0.5,24,2048,32,True,grouped,,,,,,
deep-wide-A-r0.5-mb32-native-grouped-s42.json,oom,A,0.5,24,2048,32,False,grouped,,,,,,
deep-wide-A-r0.5-mb4-native-grouped-s42.json,complete,A,0.5,24,2048,4,False,grouped,4419.983182102442,7413.602899150644,19.790876388549805,1426885088,2154.054457321763,20119e0d7e8741ecee012249f18e8026523fe06f
deep-wide-B-r0.25-mb1-native-grouped-s42.json,complete,B,0.25,24,2048,1,False,grouped,1420.0553381815553,23075.157086517538,8.096185684204102,523962968,757.6486319303513,20119e0d7e8741ecee012249f18e8026523fe06f
deep-wide-B-r0.25-mb16-native-grouped-s42.json,complete,B,0.25,24,2048,16,False,grouped,908.9094446972013,36051.997407571325,14.759318828582764,523962968,747.2822219133377,20119e0d7e8741ecee012249f18e8026523fe06f
deep-wide-B-r0.25-mb32-liger-grouped-s42.json,complete,B,0.25,24,2048,32,True,grouped,941.9979620724916,34785.63814390662,7.16670560836792,523962968,3183.041552081704,20119e0d7e8741ecee012249f18e8026523fe06f
deep-wide-B-r0.25-mb32-native-grouped-s42.json,oom,B,0.25,24,2048,32,False,grouped,,,,,,
deep-wide-B-r0.25-mb4-native-grouped-s42.json,complete,B,0.25,24,2048,4,False,grouped,1003.7193167954683,32646.577038266685,8.852537631988525,523962968,741.8929822742939,20119e0d7e8741ecee012249f18e8026523fe06f
deep-wide-B-r0.5-mb1-native-grouped-s42.json,complete,B,0.5,24,2048,1,False,grouped,3866.1212977021933,8475.678203978036,14.970575332641602,995920472,1300.895344465971,20119e0d7e8741ecee012249f18e8026523fe06f
deep-wide-B-r0.5-mb16-native-grouped-s42.json,complete,B,0.5,24,2048,16,False,grouped,2919.873110949993,11222.405547839828,20.071696758270264,995920472,1301.4692459255457,20119e0d7e8741ecee012249f18e8026523fe06f
deep-wide-B-r0.5-mb32-liger-grouped-s42.json,oom,B,0.5,24,2048,32,True,grouped,,,,,,
deep-wide-B-r0.5-mb32-native-grouped-s42.json,oom,B,0.5,24,2048,32,False,grouped,,,,,,
deep-wide-B-r0.5-mb4-native-grouped-s42.json,complete,B,0.5,24,2048,4,False,grouped,3094.757637940347,10588.228257616225,14.970563888549805,995920472,1296.6194078326225,20119e0d7e8741ecee012249f18e8026523fe06f
deep-wide-dense-r0.5-mb1-native-grouped-s42.json,complete,dense,0.5,24,2048,1,False,grouped,2734.5808055251837,11982.823814825631,18.48588752746582,1439270912,96.02612257003784,20119e0d7e8741ecee012249f18e8026523fe06f
deep-wide-dense-r0.5-mb1-native-reference-s42.json,complete,dense,0.5,24,2048,1,False,reference,2805.7401133701205,11678.914896817994,18.546442985534668,1439270912,91.28337167203426,20119e0d7e8741ecee012249f18e8026523fe06f
deep-wide-dense-r0.5-mb16-native-grouped-s42.json,complete,dense,0.5,24,2048,16,False,grouped,2254.3700663372874,14535.324993818771,24.978610515594482,1439270912,93.88603642582893,20119e0d7e8741ecee012249f18e8026523fe06f
deep-wide-dense-r0.5-mb16-native-reference-s42.json,complete,dense,0.5,24,2048,16,False,reference,2318.3252923190594,14134.341339329616,24.979587078094482,1439270912,94.48954276740551,20119e0d7e8741ecee012249f18e8026523fe06f
deep-wide-dense-r0.5-mb32-liger-grouped-s42.json,complete,dense,0.5,24,2048,32,True,grouped,2260.782736353576,14494.095502566632,13.860507488250732,1439270912,2508.4113348275423,20119e0d7e8741ecee012249f18e8026523fe06f
deep-wide-dense-r0.5-mb32-liger-reference-s42.json,complete,dense,0.5,24,2048,32,True,reference,2319.8263132944703,14125.195542712256,13.92106294631958,1439270912,2541.4219424128532,20119e0d7e8741ecee012249f18e8026523fe06f
deep-wide-dense-r0.5-mb32-native-grouped-s42.json,oom,dense,0.5,24,2048,32,False,grouped,,,,,,
deep-wide-dense-r0.5-mb32-native-reference-s42.json,oom,dense,0.5,24,2048,32,False,reference,,,,,,
deep-wide-dense-r0.5-mb4-native-grouped-s42.json,complete,dense,0.5,24,2048,4,False,grouped,2341.00966155529,13997.379746088925,19.079153537750244,1439270912,95.77270038425922,20119e0d7e8741ecee012249f18e8026523fe06f
deep-wide-dense-r0.5-mb4-native-reference-s42.json,complete,dense,0.5,24,2048,4,False,reference,2408.518584445119,13605.043547750527,19.082571506500244,1439270912,95.59457190334797,20119e0d7e8741ecee012249f18e8026523fe06f
large-A-r0.25-mb1-native-grouped-s42.json,complete,A,0.25,32,2560,1,False,grouped,3929.7593887895346,8338.42400253398,18.6653995513916,1368689792,2149.546856060624,20119e0d7e8741ecee012249f18e8026523fe06f
large-A-r0.25-mb16-native-grouped-s42.json,oom,A,0.25,32,2560,16,False,grouped,,,,,,
large-A-r0.25-mb32-liger-grouped-s42.json,oom,A,0.25,32,2560,32,True,grouped,,,,,,
large-A-r0.25-mb32-native-grouped-s42.json,oom,A,0.25,32,2560,32,False,grouped,,,,,,
large-A-r0.25-mb4-native-grouped-s42.json,complete,A,0.25,32,2560,4,False,grouped,3094.831697642803,10587.974794619451,18.700331211090088,1368689792,2179.919946938753,0f8421bc04f5f392a31d1d377bef2cba76a60b3c
large-A-r0.5-mb1-native-grouped-s42.json,complete,A,0.5,32,2560,1,False,grouped,12904.11270968616,2539.345458758211,37.06667518615723,2800782464,3966.1963917315006,20119e0d7e8741ecee012249f18e8026523fe06f
large-A-r0.5-mb16-native-grouped-s42.json,oom,A,0.5,32,2560,16,False,grouped,,,,,,
large-A-r0.5-mb32-liger-grouped-s42.json,oom,A,0.5,32,2560,32,True,grouped,,,,,,
large-A-r0.5-mb32-native-grouped-s42.json,oom,A,0.5,32,2560,32,False,grouped,,,,,,
large-A-r0.5-mb4-native-grouped-s42.json,complete,A,0.5,32,2560,4,False,grouped,11219.947040081024,2920.5128953413414,37.06562614440918,2800782464,3992.577690631151,0f8421bc04f5f392a31d1d377bef2cba76a60b3c
large-B-r0.25-mb1-native-grouped-s42.json,complete,B,0.25,32,2560,1,False,grouped,2905.362076126039,11278.456571590086,13.540124893188477,919768352,1269.6875762194395,20119e0d7e8741ecee012249f18e8026523fe06f
large-B-r0.25-mb16-native-grouped-s42.json,oom,B,0.25,32,2560,16,False,grouped,,,,,,
large-B-r0.25-mb32-liger-grouped-s42.json,oom,B,0.25,32,2560,32,True,grouped,,,,,,
large-B-r0.25-mb32-native-grouped-s42.json,oom,B,0.25,32,2560,32,False,grouped,,,,,,
large-B-r0.25-mb4-native-grouped-s42.json,complete,B,0.25,32,2560,4,False,grouped,2137.5406719744205,15329.766804820976,13.574232578277588,919768352,1315.305046737194,0f8421bc04f5f392a31d1d377bef2cba76a60b3c
large-B-r0.5-mb1-native-grouped-s42.json,complete,B,0.5,32,2560,1,False,grouped,9256.146890111268,3540.133984788241,27.002161026000977,1902939424,2289.51083868742,20119e0d7e8741ecee012249f18e8026523fe06f
large-B-r0.5-mb16-native-grouped-s42.json,oom,B,0.5,32,2560,16,False,grouped,,,,,,
large-B-r0.5-mb32-liger-grouped-s42.json,oom,B,0.5,32,2560,32,True,grouped,,,,,,
large-B-r0.5-mb32-native-grouped-s42.json,oom,B,0.5,32,2560,32,False,grouped,,,,,,
large-B-r0.5-mb4-native-grouped-s42.json,complete,B,0.5,32,2560,4,False,grouped,7649.275967851281,4283.804141493074,27.00147819519043,1902939424,2465.2567505836487,0f8421bc04f5f392a31d1d377bef2cba76a60b3c
large-dense-r0.5-mb1-native-grouped-s42.json,complete,dense,0.5,32,2560,1,False,grouped,6551.031322218478,5001.960514178458,35.33941078186035,2826734080,131.66419230401516,20119e0d7e8741ecee012249f18e8026523fe06f
large-dense-r0.5-mb1-native-reference-s42.json,complete,dense,0.5,32,2560,1,False,reference,6637.452523224056,4936.833806263161,34.92474842071533,2826734080,110.36650650203228,20119e0d7e8741ecee012249f18e8026523fe06f
large-dense-r0.5-mb16-native-grouped-s42.json,oom,dense,0.5,32,2560,16,False,grouped,,,,,,
large-dense-r0.5-mb16-native-reference-s42.json,oom,dense,0.5,32,2560,16,False,reference,,,,,,
large-dense-r0.5-mb32-liger-grouped-s42.json,oom,dense,0.5,32,2560,32,True,grouped,,,,,,
large-dense-r0.5-mb32-liger-reference-s42.json,oom,dense,0.5,32,2560,32,True,reference,,,,,,
large-dense-r0.5-mb32-native-grouped-s42.json,oom,dense,0.5,32,2560,32,False,grouped,,,,,,
large-dense-r0.5-mb32-native-reference-s42.json,oom,dense,0.5,32,2560,32,False,reference,,,,,,
large-dense-r0.5-mb4-native-grouped-s42.json,complete,dense,0.5,32,2560,4,False,grouped,5848.452782258391,5602.8493723171905,35.337934494018555,2826734080,123.75011667609215,0f8421bc04f5f392a31d1d377bef2cba76a60b3c
large-dense-r0.5-mb4-native-reference-s42.json,complete,dense,0.5,32,2560,4,False,reference,5930.628675967455,5525.215249606931,35.088316440582275,2826734080,127.14143097400665,0f8421bc04f5f392a31d1d377bef2cba76a60b3c
wide-A-r0.25-mb1-native-grouped-s42.json,complete,A,0.25,12,2048,1,False,grouped,986.0659446567297,33231.043195421254,7.530904769897461,472746224,768.0209912359715,20119e0d7e8741ecee012249f18e8026523fe06f
wide-A-r0.25-mb16-native-grouped-s42.json,complete,A,0.25,12,2048,16,False,grouped,691.8361727148294,47363.8153528609,14.191352367401123,472746224,850.3109999001026,0f8421bc04f5f392a31d1d377bef2cba76a60b3c
wide-A-r0.25-mb32-liger-grouped-s42.json,complete,A,0.25,12,2048,32,True,grouped,700.0473961234093,46808.25924970255,6.614253520965576,472746224,5127.026744186878,0f8421bc04f5f392a31d1d377bef2cba76a60b3c
wide-A-r0.25-mb32-native-grouped-s42.json,complete,A,0.25,12,2048,32,False,grouped,678.9592150598764,48262.103694180434,20.280383110046387,472746224,851.8416061997414,0f8421bc04f5f392a31d1d377bef2cba76a60b3c
wide-A-r0.25-mb4-native-grouped-s42.json,complete,A,0.25,12,2048,4,False,grouped,742.5580006092787,44128.53942905015,8.289209842681885,472746224,779.4456221163273,20119e0d7e8741ecee012249f18e8026523fe06f
wide-A-r0.5-mb1-native-grouped-s42.json,complete,A,0.5,12,2048,1,False,grouped,2671.387519687414,12266.284753421513,12.946004867553711,816466160,1272.4259234964848,20119e0d7e8741ecee012249f18e8026523fe06f
wide-A-r0.5-mb16-native-grouped-s42.json,complete,A,0.5,12,2048,16,False,grouped,2164.229426532984,15140.723817393893,18.050300121307373,816466160,1353.7914641201496,0f8421bc04f5f392a31d1d377bef2cba76a60b3c
wide-A-r0.5-mb32-liger-grouped-s42.json,complete,A,0.5,12,2048,32,True,grouped,2166.0453621298075,15128.030431921994,11.077510356903076,816466160,5646.706398576498,0f8421bc04f5f392a31d1d377bef2cba76a60b3c
wide-A-r0.5-mb32-native-grouped-s42.json,complete,A,0.5,12,2048,32,False,grouped,2146.173046901822,15268.107141366276,22.847643852233887,816466160,1356.3341684639454,0f8421bc04f5f392a31d1d377bef2cba76a60b3c
wide-A-r0.5-mb4-native-grouped-s42.json,complete,A,0.5,12,2048,4,False,grouped,2268.8815239816904,14442.358340769071,12.941354751586914,816466160,1360.6326878070831,0f8421bc04f5f392a31d1d377bef2cba76a60b3c
wide-B-r0.25-mb1-native-grouped-s42.json,complete,B,0.25,12,2048,1,False,grouped,764.9448346346617,42837.075979266,6.315328598022461,365005100,563.5026879608631,20119e0d7e8741ecee012249f18e8026523fe06f
wide-B-r0.25-mb16-native-grouped-s42.json,complete,B,0.25,12,2048,16,False,grouped,491.5362484753132,66664.4630624367,12.973578929901123,365005100,637.0386369526386,0f8421bc04f5f392a31d1d377bef2cba76a60b3c
wide-B-r0.25-mb32-liger-grouped-s42.json,complete,B,0.25,12,2048,32,True,grouped,501.30525790154934,65365.36365804339,5.837153911590576,365005100,4960.9761871397495,0f8421bc04f5f392a31d1d377bef2cba76a60b3c
wide-B-r0.25-mb32-native-grouped-s42.json,complete,B,0.25,12,2048,32,False,grouped,480.7239603251219,68163.85919152958,19.471301078796387,365005100,637.4237239360809,0f8421bc04f5f392a31d1d377bef2cba76a60b3c
wide-B-r0.25-mb4-native-grouped-s42.json,complete,B,0.25,12,2048,4,False,grouped,543.9852271229029,60236.92993287709,7.076075077056885,365005100,636.677872389555,0f8421bc04f5f392a31d1d377bef2cba76a60b3c
wide-B-r0.5-mb1-native-grouped-s42.json,complete,B,0.5,12,2048,1,False,grouped,1986.6765644401312,16493.877568557837,10.534139633178711,600983852,845.5774448812008,20119e0d7e8741ecee012249f18e8026523fe06f
wide-B-r0.5-mb16-native-grouped-s42.json,complete,B,0.5,12,2048,16,False,grouped,1504.7124810516834,21776.918538270078,15.634284496307373,600983852,914.2844378948212,0f8421bc04f5f392a31d1d377bef2cba76a60b3c
wide-B-r0.5-mb32-liger-grouped-s42.json,complete,B,0.5,12,2048,32,True,grouped,1506.8226344883442,21746.421429720634,9.599971294403076,600983852,5177.170719951391,0f8421bc04f5f392a31d1d377bef2cba76a60b3c
wide-B-r0.5-mb32-native-grouped-s42.json,complete,B,0.5,12,2048,32,False,grouped,1485.669607296586,22056.04827155941,21.241198539733887,600983852,910.9824076294899,0f8421bc04f5f392a31d1d377bef2cba76a60b3c
wide-B-r0.5-mb4-native-grouped-s42.json,complete,B,0.5,12,2048,4,False,grouped,1601.5351545065641,20460.36926229755,10.532175064086914,600983852,911.6493165493011,0f8421bc04f5f392a31d1d377bef2cba76a60b3c
wide-dense-r0.5-mb1-native-grouped-s42.json,complete,dense,0.5,12,2048,1,False,grouped,1429.3757230043411,22924.693258776,11.59550666809082,822659072,188.81643190979958,20119e0d7e8741ecee012249f18e8026523fe06f
wide-dense-r0.5-mb1-native-reference-s42.json,complete,dense,0.5,12,2048,1,False,reference,1467.0267440378666,22336.33444869671,11.655085563659668,822659072,113.97968605160713,20119e0d7e8741ecee012249f18e8026523fe06f
wide-dense-r0.5-mb16-native-grouped-s42.json,complete,dense,0.5,12,2048,16,False,grouped,1201.0917849838734,27281.845159735985,18.086276531219482,822659072,139.29225131869316,0f8421bc04f5f392a31d1d377bef2cba76a60b3c
wide-dense-r0.5-mb16-native-reference-s42.json,complete,dense,0.5,12,2048,16,False,reference,1227.188704535365,26701.680063151085,18.088229656219482,822659072,137.10135221481323,0f8421bc04f5f392a31d1d377bef2cba76a60b3c
wide-dense-r0.5-mb32-liger-grouped-s42.json,complete,dense,0.5,12,2048,32,True,grouped,1203.8134932518005,27220.1655825496,9.266208171844482,822659072,4433.060273528099,0f8421bc04f5f392a31d1d377bef2cba76a60b3c
wide-dense-r0.5-mb32-liger-reference-s42.json,complete,dense,0.5,12,2048,32,True,reference,1228.5728231072426,26671.600489213008,9.32676362991333,822659072,4489.242564886808,0f8421bc04f5f392a31d1d377bef2cba76a60b3c
wide-dense-r0.5-mb32-native-grouped-s42.json,complete,dense,0.5,12,2048,32,False,grouped,1191.7053703218699,27496.72942201537,22.881068229675293,822659072,137.7597264945507,0f8421bc04f5f392a31d1d377bef2cba76a60b3c
wide-dense-r0.5-mb32-native-reference-s42.json,complete,dense,0.5,12,2048,32,False,reference,1218.7765687704086,26885.979970882327,22.882044792175293,822659072,133.15529748797417,0f8421bc04f5f392a31d1d377bef2cba76a60b3c
wide-dense-r0.5-mb4-native-grouped-s42.json,complete,dense,0.5,12,2048,4,False,grouped,1212.361667305231,27028.238262048042,12.188772678375244,822659072,106.86272755265236,20119e0d7e8741ecee012249f18e8026523fe06f
wide-dense-r0.5-mb4-native-reference-s42.json,complete,dense,0.5,12,2048,4,False,reference,1249.4093384593725,26226.792926691844,12.191214084625244,822659072,128.75232473015785,20119e0d7e8741ecee012249f18e8026523fe06f
